{"version": "1", "message": "ERROR: Hidden Testcases server unreachable.", "problem_id": "cspp1_m10_a1_1", "user_id": "Someshwar95", "score": {"sample": {"0": {"execution_time": 0.11659073829650879, "passed": false}, "1": {"execution_time": 0.10039567947387695, "passed": true}, "2": {"execution_time": 0.09775829315185547, "passed": true}, "3": {"execution_time": 0.09929847717285156, "passed": true}, "4": {"execution_time": 0.08897256851196289, "passed": true}, "5": {"execution_time": 0.10172486305236816, "passed": false}, "6": {"execution_time": 0.10274529457092285, "passed": true}, "7": {"execution_time": 0.10044026374816895, "passed": true}, "8": {"execution_time": 0.0960991382598877, "passed": true}, "9": {"execution_time": 0.09757041931152344, "passed": false}, "10": {"execution_time": 0.09325814247131348, "passed": true}, "11": {"execution_time": 0.09760904312133789, "passed": true}, "12": {"execution_time": 0.09915518760681152, "passed": true}, "13": {"execution_time": 0.09325861930847168, "passed": false}, "14": {"execution_time": 0.09059691429138184, "passed": false}, "15": {"execution_time": 0.09518814086914062, "passed": false}, "16": {"execution_time": 0.09314155578613281, "passed": false}, "17": {"execution_time": 0.0986948013305664, "passed": false}, "18": {"execution_time": 0.0924074649810791, "passed": false}, "19": {"execution_time": 0.09154820442199707, "passed": false}, "20": {"execution_time": 0.08863282203674316, "passed": false}, "21": {"execution_time": 0.09757471084594727, "passed": false}, "22": {"execution_time": 0.09186100959777832, "passed": false}, "23": {"execution_time": 0.08717727661132812, "passed": false}, "24": {"execution_time": 0.0847630500793457, "passed": false}}}, "pylint_score": "2/10"}