{"version": "1", "message": "ERROR: Hidden Testcases server unreachable.", "problem_id": "cspp1_m10_a1_1", "user_id": "Someshwar95", "score": {"sample": {"0": {"execution_time": 0.12188076972961426, "passed": false}, "1": {"execution_time": 0.09876656532287598, "passed": false}, "2": {"execution_time": 0.10329532623291016, "passed": false}, "3": {"execution_time": 0.10940814018249512, "passed": false}, "4": {"execution_time": 0.11094284057617188, "passed": false}, "5": {"execution_time": 0.09630012512207031, "passed": false}, "6": {"execution_time": 0.08182406425476074, "passed": false}, "7": {"execution_time": 0.0937490463256836, "passed": false}, "8": {"execution_time": 0.10924792289733887, "passed": false}, "9": {"execution_time": 0.09542179107666016, "passed": false}, "10": {"execution_time": 0.10328102111816406, "passed": false}, "11": {"execution_time": 0.09731888771057129, "passed": false}, "12": {"execution_time": 0.10035443305969238, "passed": false}, "13": {"execution_time": 0.10453009605407715, "passed": false}, "14": {"execution_time": 0.09372520446777344, "passed": false}, "15": {"execution_time": 0.10579586029052734, "passed": false}, "16": {"execution_time": 0.10016894340515137, "passed": false}, "17": {"execution_time": 0.10367417335510254, "passed": false}, "18": {"execution_time": 0.10034680366516113, "passed": false}, "19": {"execution_time": 0.09616351127624512, "passed": false}, "20": {"execution_time": 0.08968925476074219, "passed": false}, "21": {"execution_time": 0.10079360008239746, "passed": false}, "22": {"execution_time": 0.09884953498840332, "passed": false}, "23": {"execution_time": 0.09819483757019043, "passed": false}, "24": {"execution_time": 0.09821581840515137, "passed": false}}}, "pylint_score": "3/10"}