{"version": "1", "message": "ERROR: Hidden Testcases server unreachable.", "problem_id": "cspp1_m10_a1_1", "user_id": "Someshwar95", "score": {"sample": {"0": {"execution_time": 0.1262984275817871, "passed": false}, "1": {"execution_time": 0.11621713638305664, "passed": false}, "2": {"execution_time": 0.11153364181518555, "passed": false}, "3": {"execution_time": 0.10839629173278809, "passed": false}, "4": {"execution_time": 0.11274313926696777, "passed": false}, "5": {"execution_time": 0.11011171340942383, "passed": false}, "6": {"execution_time": 0.11310362815856934, "passed": false}, "7": {"execution_time": 0.09996604919433594, "passed": false}, "8": {"execution_time": 0.10766363143920898, "passed": false}, "9": {"execution_time": 0.10630536079406738, "passed": false}, "10": {"execution_time": 0.09455180168151855, "passed": false}, "11": {"execution_time": 0.11072969436645508, "passed": false}, "12": {"execution_time": 0.11350131034851074, "passed": false}, "13": {"execution_time": 0.10971236228942871, "passed": false}, "14": {"execution_time": 0.10866403579711914, "passed": false}, "15": {"execution_time": 0.10724782943725586, "passed": false}, "16": {"execution_time": 0.10314655303955078, "passed": false}, "17": {"execution_time": 0.1071927547454834, "passed": false}, "18": {"execution_time": 0.10914373397827148, "passed": false}, "19": {"execution_time": 0.1010286808013916, "passed": false}, "20": {"execution_time": 0.10562992095947266, "passed": false}, "21": {"execution_time": 0.10128235816955566, "passed": false}, "22": {"execution_time": 0.10132384300231934, "passed": false}, "23": {"execution_time": 0.10327672958374023, "passed": false}, "24": {"execution_time": 0.1016380786895752, "passed": false}}}, "pylint_score": "0/10"}