{"version": "1", "message": "ERROR: Hidden Testcases server unreachable.", "problem_id": "cspp1_m10_a1_1", "user_id": "Someshwar95", "score": {"sample": {"0": {"execution_time": 0.12271690368652344, "passed": false}, "1": {"execution_time": 0.1091313362121582, "passed": true}, "2": {"execution_time": 0.1056816577911377, "passed": true}, "3": {"execution_time": 0.10694313049316406, "passed": true}, "4": {"execution_time": 0.10899877548217773, "passed": true}, "5": {"execution_time": 0.10445737838745117, "passed": false}, "6": {"execution_time": 0.09375309944152832, "passed": true}, "7": {"execution_time": 0.10451936721801758, "passed": true}, "8": {"execution_time": 0.10232210159301758, "passed": true}, "9": {"execution_time": 0.10081958770751953, "passed": false}, "10": {"execution_time": 0.10376477241516113, "passed": true}, "11": {"execution_time": 0.10212826728820801, "passed": true}, "12": {"execution_time": 0.10566496849060059, "passed": true}, "13": {"execution_time": 0.09980249404907227, "passed": false}, "14": {"execution_time": 0.0996551513671875, "passed": false}, "15": {"execution_time": 0.09918761253356934, "passed": false}, "16": {"execution_time": 0.0972909927368164, "passed": false}, "17": {"execution_time": 0.09793496131896973, "passed": false}, "18": {"execution_time": 0.09800553321838379, "passed": false}, "19": {"execution_time": 0.10053300857543945, "passed": false}, "20": {"execution_time": 0.09906816482543945, "passed": false}, "21": {"execution_time": 0.10927009582519531, "passed": false}, "22": {"execution_time": 0.0874490737915039, "passed": false}, "23": {"execution_time": 0.08052301406860352, "passed": false}, "24": {"execution_time": 0.0863957405090332, "passed": false}}}, "pylint_score": "1/10"}