{"version": "1", "message": "ERROR: Hidden Testcases server unreachable.", "problem_id": "cspp1_m10_a1_1", "user_id": "Someshwar95", "score": {"sample": {"0": {"execution_time": 0.13160014152526855, "passed": false}, "1": {"execution_time": 0.11970806121826172, "passed": false}, "2": {"execution_time": 0.11411285400390625, "passed": false}, "3": {"execution_time": 0.08103227615356445, "passed": false}, "4": {"execution_time": 0.1222388744354248, "passed": false}, "5": {"execution_time": 0.08630037307739258, "passed": false}, "6": {"execution_time": 0.08781671524047852, "passed": false}, "7": {"execution_time": 0.10076475143432617, "passed": false}, "8": {"execution_time": 0.11028552055358887, "passed": false}, "9": {"execution_time": 0.10474777221679688, "passed": false}, "10": {"execution_time": 0.11915016174316406, "passed": false}, "11": {"execution_time": 0.11956524848937988, "passed": false}, "12": {"execution_time": 0.0862267017364502, "passed": false}, "13": {"execution_time": 0.10700035095214844, "passed": false}, "14": {"execution_time": 0.11871504783630371, "passed": false}, "15": {"execution_time": 0.11619329452514648, "passed": false}, "16": {"execution_time": 0.1143178939819336, "passed": false}, "17": {"execution_time": 0.1087636947631836, "passed": false}, "18": {"execution_time": 0.11123394966125488, "passed": false}, "19": {"execution_time": 0.10866284370422363, "passed": false}, "20": {"execution_time": 0.10800814628601074, "passed": false}, "21": {"execution_time": 0.0950474739074707, "passed": false}, "22": {"execution_time": 0.1087336540222168, "passed": false}, "23": {"execution_time": 0.11333751678466797, "passed": false}, "24": {"execution_time": 0.09999442100524902, "passed": false}}}, "pylint_score": "-13/10"}