{"version": "1", "message": "ERROR: Hidden Testcases server unreachable.", "problem_id": "cspp1_m10_a1_1", "user_id": "Someshwar95", "score": {"sample": {"0": {"execution_time": 0.14538311958312988, "passed": false}, "1": {"execution_time": 0.13251852989196777, "passed": true}, "2": {"execution_time": 0.11616778373718262, "passed": true}, "3": {"execution_time": 0.13263201713562012, "passed": true}, "4": {"execution_time": 0.13298583030700684, "passed": true}, "5": {"execution_time": 0.11185574531555176, "passed": false}, "6": {"execution_time": 0.10078191757202148, "passed": true}, "7": {"execution_time": 0.12708544731140137, "passed": true}, "8": {"execution_time": 0.12467193603515625, "passed": true}, "9": {"execution_time": 0.12217235565185547, "passed": false}, "10": {"execution_time": 0.08736610412597656, "passed": true}, "11": {"execution_time": 0.08321070671081543, "passed": true}, "12": {"execution_time": 0.09260916709899902, "passed": true}, "13": {"execution_time": 0.10968184471130371, "passed": false}, "14": {"execution_time": 0.10962700843811035, "passed": false}, "15": {"execution_time": 0.10239052772521973, "passed": false}, "16": {"execution_time": 0.10685372352600098, "passed": false}, "17": {"execution_time": 0.10760998725891113, "passed": false}, "18": {"execution_time": 0.0813896656036377, "passed": false}, "19": {"execution_time": 0.09393954277038574, "passed": false}, "20": {"execution_time": 0.1001591682434082, "passed": false}, "21": {"execution_time": 0.10298919677734375, "passed": false}, "22": {"execution_time": 0.09995245933532715, "passed": false}, "23": {"execution_time": 0.10593032836914062, "passed": false}, "24": {"execution_time": 0.10604739189147949, "passed": false}}}, "pylint_score": "4/10"}