{"version": "1", "message": "ERROR: Hidden Testcases server unreachable.", "problem_id": "cspp1_m10_a1_1", "user_id": "Someshwar95", "score": {"sample": {"0": {"execution_time": 0.12364816665649414, "passed": false}, "1": {"execution_time": 0.09472131729125977, "passed": true}, "2": {"execution_time": 0.09565949440002441, "passed": true}, "3": {"execution_time": 0.10008120536804199, "passed": true}, "4": {"execution_time": 0.09807252883911133, "passed": true}, "5": {"execution_time": 0.08596658706665039, "passed": false}, "6": {"execution_time": 0.08713006973266602, "passed": true}, "7": {"execution_time": 0.10311532020568848, "passed": true}, "8": {"execution_time": 0.11124205589294434, "passed": true}, "9": {"execution_time": 0.09254288673400879, "passed": false}, "10": {"execution_time": 0.09254026412963867, "passed": true}, "11": {"execution_time": 0.10259246826171875, "passed": true}, "12": {"execution_time": 0.10247945785522461, "passed": true}, "13": {"execution_time": 0.08755898475646973, "passed": false}, "14": {"execution_time": 0.09678149223327637, "passed": false}, "15": {"execution_time": 0.1046445369720459, "passed": false}, "16": {"execution_time": 0.10064053535461426, "passed": false}, "17": {"execution_time": 0.10045623779296875, "passed": false}, "18": {"execution_time": 0.09658408164978027, "passed": false}, "19": {"execution_time": 0.10156583786010742, "passed": false}, "20": {"execution_time": 0.09446144104003906, "passed": false}, "21": {"execution_time": 0.09466719627380371, "passed": false}, "22": {"execution_time": 0.10227537155151367, "passed": false}, "23": {"execution_time": 0.09299921989440918, "passed": false}, "24": {"execution_time": 0.08778762817382812, "passed": false}}}, "pylint_score": "4/10"}