{"version": "1", "message": "ERROR: Hidden Testcases server unreachable.", "problem_id": "cspp1_m10_a1_1", "user_id": "Someshwar95", "score": {"sample": {"0": {"execution_time": 0.11746001243591309, "passed": false}, "1": {"execution_time": 0.10153317451477051, "passed": false}, "2": {"execution_time": 0.10909700393676758, "passed": false}, "3": {"execution_time": 0.09366273880004883, "passed": false}, "4": {"execution_time": 0.10082340240478516, "passed": false}, "5": {"execution_time": 0.10846400260925293, "passed": false}, "6": {"execution_time": 0.10140514373779297, "passed": false}, "7": {"execution_time": 0.09368515014648438, "passed": false}, "8": {"execution_time": 0.10250353813171387, "passed": false}, "9": {"execution_time": 0.10343074798583984, "passed": false}, "10": {"execution_time": 0.09911036491394043, "passed": false}, "11": {"execution_time": 0.10302066802978516, "passed": false}, "12": {"execution_time": 0.10349249839782715, "passed": false}, "13": {"execution_time": 0.09466791152954102, "passed": false}, "14": {"execution_time": 0.11304855346679688, "passed": false}, "15": {"execution_time": 0.09857988357543945, "passed": false}, "16": {"execution_time": 0.10440325736999512, "passed": false}, "17": {"execution_time": 0.09753036499023438, "passed": false}, "18": {"execution_time": 0.10126852989196777, "passed": false}, "19": {"execution_time": 0.0992746353149414, "passed": false}, "20": {"execution_time": 0.10078692436218262, "passed": false}, "21": {"execution_time": 0.0997920036315918, "passed": false}, "22": {"execution_time": 0.09160327911376953, "passed": false}, "23": {"execution_time": 0.09383320808410645, "passed": false}, "24": {"execution_time": 0.09232091903686523, "passed": false}}}, "pylint_score": "-4/10"}