{"version": "1", "message": "ERROR: Hidden Testcases server unreachable.", "problem_id": "cspp1_m10_a1_1", "user_id": "Someshwar95", "score": {"sample": {"0": {"execution_time": 0.13873529434204102, "passed": false}, "1": {"execution_time": 0.11017704010009766, "passed": true}, "2": {"execution_time": 0.1331775188446045, "passed": true}, "3": {"execution_time": 0.13420748710632324, "passed": true}, "4": {"execution_time": 0.1350698471069336, "passed": true}, "5": {"execution_time": 0.13440775871276855, "passed": false}, "6": {"execution_time": 0.1324324607849121, "passed": true}, "7": {"execution_time": 0.12532353401184082, "passed": true}, "8": {"execution_time": 0.11900019645690918, "passed": true}, "9": {"execution_time": 0.0869901180267334, "passed": false}, "10": {"execution_time": 0.10522699356079102, "passed": true}, "11": {"execution_time": 0.08504199981689453, "passed": true}, "12": {"execution_time": 0.10425472259521484, "passed": true}, "13": {"execution_time": 0.10067248344421387, "passed": false}, "14": {"execution_time": 0.11321187019348145, "passed": false}, "15": {"execution_time": 0.11298894882202148, "passed": false}, "16": {"execution_time": 0.1098935604095459, "passed": false}, "17": {"execution_time": 0.10870742797851562, "passed": false}, "18": {"execution_time": 0.10554862022399902, "passed": false}, "19": {"execution_time": 0.10442543029785156, "passed": false}, "20": {"execution_time": 0.1073598861694336, "passed": false}, "21": {"execution_time": 0.10946798324584961, "passed": false}, "22": {"execution_time": 0.09671902656555176, "passed": false}, "23": {"execution_time": 0.08091354370117188, "passed": false}, "24": {"execution_time": 0.08753585815429688, "passed": false}}}, "pylint_score": "5/10"}