{"version": "1", "message": "ERROR: Hidden Testcases server unreachable.", "problem_id": "cspp1_m10_a1_1", "user_id": "Someshwar95", "score": {"sample": {"0": {"execution_time": 0.12512850761413574, "passed": false}, "1": {"execution_time": 0.09486532211303711, "passed": false}, "2": {"execution_time": 0.06757736206054688, "passed": false}, "3": {"execution_time": 0.09468555450439453, "passed": false}, "4": {"execution_time": 0.10861039161682129, "passed": false}, "5": {"execution_time": 0.10931539535522461, "passed": false}, "6": {"execution_time": 0.08892583847045898, "passed": false}, "7": {"execution_time": 0.08559918403625488, "passed": false}, "8": {"execution_time": 0.0847926139831543, "passed": false}, "9": {"execution_time": 0.09727811813354492, "passed": false}, "10": {"execution_time": 0.10219287872314453, "passed": false}, "11": {"execution_time": 0.10086655616760254, "passed": false}, "12": {"execution_time": 0.10834860801696777, "passed": false}, "13": {"execution_time": 0.10130834579467773, "passed": false}, "14": {"execution_time": 0.09317564964294434, "passed": false}, "15": {"execution_time": 0.08331847190856934, "passed": false}, "16": {"execution_time": 0.09357595443725586, "passed": false}, "17": {"execution_time": 0.10218000411987305, "passed": false}, "18": {"execution_time": 0.10261869430541992, "passed": false}, "19": {"execution_time": 0.09958124160766602, "passed": false}, "20": {"execution_time": 0.10911178588867188, "passed": false}, "21": {"execution_time": 0.09678840637207031, "passed": false}, "22": {"execution_time": 0.08021163940429688, "passed": false}, "23": {"execution_time": 0.09299898147583008, "passed": false}, "24": {"execution_time": 0.07171940803527832, "passed": false}}}, "pylint_score": "-17/10"}