{"version": "1", "message": "ERROR: Hidden Testcases server unreachable.", "problem_id": "cspp1_m10_a1_1", "user_id": "Someshwar95", "score": {"sample": {"0": {"execution_time": 0.18248558044433594, "passed": false}, "1": {"execution_time": 0.18193268775939941, "passed": false}, "2": {"execution_time": 0.17901992797851562, "passed": false}, "3": {"execution_time": 0.17115116119384766, "passed": false}, "4": {"execution_time": 0.17696619033813477, "passed": false}, "5": {"execution_time": 0.18267250061035156, "passed": false}, "6": {"execution_time": 0.18046116828918457, "passed": false}, "7": {"execution_time": 0.18432903289794922, "passed": false}, "8": {"execution_time": 0.18194174766540527, "passed": false}, "9": {"execution_time": 0.180588960647583, "passed": false}, "10": {"execution_time": 0.18179655075073242, "passed": false}, "11": {"execution_time": 0.17992162704467773, "passed": false}, "12": {"execution_time": 0.17769598960876465, "passed": false}, "13": {"execution_time": 0.18001365661621094, "passed": false}, "14": {"execution_time": 0.18091654777526855, "passed": false}, "15": {"execution_time": 0.1838221549987793, "passed": false}, "16": {"execution_time": 0.18687200546264648, "passed": false}, "17": {"execution_time": 0.17869019508361816, "passed": false}, "18": {"execution_time": 0.18031644821166992, "passed": false}, "19": {"execution_time": 0.1780087947845459, "passed": false}, "20": {"execution_time": 0.18176865577697754, "passed": false}, "21": {"execution_time": 0.17819666862487793, "passed": false}, "22": {"execution_time": 0.17776203155517578, "passed": false}, "23": {"execution_time": 0.17642664909362793, "passed": false}, "24": {"execution_time": 0.1804640293121338, "passed": false}}}, "pylint_score": "-6/10"}