{"version": "1", "message": "ERROR: Hidden Testcases server unreachable.", "problem_id": "cspp1_m10_a1_1", "user_id": "Someshwar95", "score": {"sample": {"0": {"execution_time": 0.09970855712890625, "passed": false}, "1": {"execution_time": 0.06865668296813965, "passed": false}, "2": {"execution_time": 0.05665016174316406, "passed": false}, "3": {"execution_time": 0.0542755126953125, "passed": false}, "4": {"execution_time": 0.07258272171020508, "passed": false}, "5": {"execution_time": 0.07133793830871582, "passed": false}, "6": {"execution_time": 0.08867645263671875, "passed": false}, "7": {"execution_time": 0.08863949775695801, "passed": false}, "8": {"execution_time": 0.09006643295288086, "passed": false}, "9": {"execution_time": 0.06933784484863281, "passed": false}, "10": {"execution_time": 0.05398893356323242, "passed": false}, "11": {"execution_time": 0.05761885643005371, "passed": false}, "12": {"execution_time": 0.07963132858276367, "passed": false}, "13": {"execution_time": 0.08855342864990234, "passed": false}, "14": {"execution_time": 0.08450508117675781, "passed": false}, "15": {"execution_time": 0.07725834846496582, "passed": false}, "16": {"execution_time": 0.0707395076751709, "passed": false}, "17": {"execution_time": 0.052884817123413086, "passed": false}, "18": {"execution_time": 0.05243682861328125, "passed": false}, "19": {"execution_time": 0.06655049324035645, "passed": false}, "20": {"execution_time": 0.06982612609863281, "passed": false}, "21": {"execution_time": 0.059685707092285156, "passed": false}, "22": {"execution_time": 0.05411839485168457, "passed": false}, "23": {"execution_time": 0.07242965698242188, "passed": false}, "24": {"execution_time": 0.09357714653015137, "passed": false}}}, "pylint_score": "0/0"}