{"version": "1", "message": "ERROR: Hidden Testcases server unreachable.", "problem_id": "cspp1_m10_a1_1", "user_id": "Someshwar95", "score": {"sample": {"0": {"execution_time": 0.12494993209838867, "passed": false}, "1": {"execution_time": 0.12170600891113281, "passed": false}, "2": {"execution_time": 0.11487317085266113, "passed": false}, "3": {"execution_time": 0.10401105880737305, "passed": false}, "4": {"execution_time": 0.09626102447509766, "passed": false}, "5": {"execution_time": 0.11164379119873047, "passed": false}, "6": {"execution_time": 0.10707664489746094, "passed": false}, "7": {"execution_time": 0.09562158584594727, "passed": false}, "8": {"execution_time": 0.11274099349975586, "passed": false}, "9": {"execution_time": 0.10927295684814453, "passed": false}, "10": {"execution_time": 0.08672380447387695, "passed": false}, "11": {"execution_time": 0.08175110816955566, "passed": false}, "12": {"execution_time": 0.09257864952087402, "passed": false}, "13": {"execution_time": 0.10704231262207031, "passed": false}, "14": {"execution_time": 0.10192561149597168, "passed": false}, "15": {"execution_time": 0.10556387901306152, "passed": false}, "16": {"execution_time": 0.10559439659118652, "passed": false}, "17": {"execution_time": 0.09571647644042969, "passed": false}, "18": {"execution_time": 0.09517407417297363, "passed": false}, "19": {"execution_time": 0.10189294815063477, "passed": false}, "20": {"execution_time": 0.1112983226776123, "passed": false}, "21": {"execution_time": 0.10743331909179688, "passed": false}, "22": {"execution_time": 0.09990596771240234, "passed": false}, "23": {"execution_time": 0.09960222244262695, "passed": false}, "24": {"execution_time": 0.10199284553527832, "passed": false}}}, "pylint_score": "-2/10"}