{"version": "1", "message": "ERROR: Hidden Testcases server unreachable.", "problem_id": "cspp1_m10_a1_1", "user_id": "Someshwar95", "score": {"sample": {"0": {"execution_time": 0.10877108573913574, "passed": false}, "1": {"execution_time": 0.10338020324707031, "passed": true}, "2": {"execution_time": 0.10274147987365723, "passed": true}, "3": {"execution_time": 0.10364174842834473, "passed": true}, "4": {"execution_time": 0.10069584846496582, "passed": true}, "5": {"execution_time": 0.10223078727722168, "passed": false}, "6": {"execution_time": 0.10331940650939941, "passed": true}, "7": {"execution_time": 0.09572291374206543, "passed": true}, "8": {"execution_time": 0.07316708564758301, "passed": true}, "9": {"execution_time": 0.07126855850219727, "passed": false}, "10": {"execution_time": 0.09564566612243652, "passed": true}, "11": {"execution_time": 0.09800553321838379, "passed": true}, "12": {"execution_time": 0.09965872764587402, "passed": true}, "13": {"execution_time": 0.10018491744995117, "passed": false}, "14": {"execution_time": 0.10325169563293457, "passed": false}, "15": {"execution_time": 0.09866738319396973, "passed": false}, "16": {"execution_time": 0.0961611270904541, "passed": false}, "17": {"execution_time": 0.09518790245056152, "passed": false}, "18": {"execution_time": 0.09226036071777344, "passed": false}, "19": {"execution_time": 0.08977818489074707, "passed": false}, "20": {"execution_time": 0.09440016746520996, "passed": false}, "21": {"execution_time": 0.09703421592712402, "passed": false}, "22": {"execution_time": 0.0891571044921875, "passed": false}, "23": {"execution_time": 0.07823681831359863, "passed": false}, "24": {"execution_time": 0.09819269180297852, "passed": false}}}, "pylint_score": "4/10"}