{"version": "1", "message": "ERROR: Hidden Testcases server unreachable.", "problem_id": "cspp1_m10_a1_1", "user_id": "Someshwar95", "score": {"sample": {"0": {"execution_time": 0.1125192642211914, "passed": false}, "1": {"execution_time": 0.10088968276977539, "passed": false}, "2": {"execution_time": 0.10262751579284668, "passed": false}, "3": {"execution_time": 0.10166764259338379, "passed": false}, "4": {"execution_time": 0.10370683670043945, "passed": false}, "5": {"execution_time": 0.10475707054138184, "passed": false}, "6": {"execution_time": 0.10301899909973145, "passed": false}, "7": {"execution_time": 0.09450650215148926, "passed": false}, "8": {"execution_time": 0.09005117416381836, "passed": false}, "9": {"execution_time": 0.09613800048828125, "passed": false}, "10": {"execution_time": 0.09061169624328613, "passed": false}, "11": {"execution_time": 0.09717082977294922, "passed": false}, "12": {"execution_time": 0.0975644588470459, "passed": false}, "13": {"execution_time": 0.0978090763092041, "passed": false}, "14": {"execution_time": 0.08998680114746094, "passed": false}, "15": {"execution_time": 0.08609127998352051, "passed": false}, "16": {"execution_time": 0.08443188667297363, "passed": false}, "17": {"execution_time": 0.08570313453674316, "passed": false}, "18": {"execution_time": 0.09152650833129883, "passed": false}, "19": {"execution_time": 0.08357834815979004, "passed": false}, "20": {"execution_time": 0.09436297416687012, "passed": false}, "21": {"execution_time": 0.09595656394958496, "passed": false}, "22": {"execution_time": 0.06850600242614746, "passed": false}, "23": {"execution_time": 0.08056807518005371, "passed": false}, "24": {"execution_time": 0.08548808097839355, "passed": false}}}, "pylint_score": "0/0"}