{"version": "1", "message": "ERROR: Hidden Testcases server unreachable.", "problem_id": "cspp1_m10_a1_1", "user_id": "Someshwar95", "score": {"sample": {"0": {"execution_time": 0.11334562301635742, "passed": false}, "1": {"execution_time": 0.09714269638061523, "passed": true}, "2": {"execution_time": 0.09576964378356934, "passed": true}, "3": {"execution_time": 0.09981107711791992, "passed": true}, "4": {"execution_time": 0.0965876579284668, "passed": true}, "5": {"execution_time": 0.09811663627624512, "passed": false}, "6": {"execution_time": 0.09803247451782227, "passed": true}, "7": {"execution_time": 0.09565520286560059, "passed": true}, "8": {"execution_time": 0.09711337089538574, "passed": true}, "9": {"execution_time": 0.09993624687194824, "passed": false}, "10": {"execution_time": 0.09680676460266113, "passed": true}, "11": {"execution_time": 0.09644341468811035, "passed": true}, "12": {"execution_time": 0.09385299682617188, "passed": true}, "13": {"execution_time": 0.08531665802001953, "passed": false}, "14": {"execution_time": 0.09438562393188477, "passed": false}, "15": {"execution_time": 0.09343862533569336, "passed": false}, "16": {"execution_time": 0.09139370918273926, "passed": false}, "17": {"execution_time": 0.09914875030517578, "passed": false}, "18": {"execution_time": 0.09753537178039551, "passed": false}, "19": {"execution_time": 0.09625720977783203, "passed": false}, "20": {"execution_time": 0.09396529197692871, "passed": false}, "21": {"execution_time": 0.09228730201721191, "passed": false}, "22": {"execution_time": 0.08266520500183105, "passed": false}, "23": {"execution_time": 0.07532358169555664, "passed": false}, "24": {"execution_time": 0.09855389595031738, "passed": false}}}, "pylint_score": "5/10"}