{"version": "1", "message": "ERROR: Hidden Testcases server unreachable.", "problem_id": "cspp1_m10_a1_1", "user_id": "Someshwar95", "score": {"sample": {"0": {"execution_time": 0.11587333679199219, "passed": false}, "1": {"execution_time": 0.08428716659545898, "passed": true}, "2": {"execution_time": 0.08540511131286621, "passed": true}, "3": {"execution_time": 0.09108543395996094, "passed": true}, "4": {"execution_time": 0.09568619728088379, "passed": true}, "5": {"execution_time": 0.10820460319519043, "passed": false}, "6": {"execution_time": 0.10759139060974121, "passed": true}, "7": {"execution_time": 0.1034843921661377, "passed": true}, "8": {"execution_time": 0.11237454414367676, "passed": true}, "9": {"execution_time": 0.12538552284240723, "passed": false}, "10": {"execution_time": 0.11869192123413086, "passed": true}, "11": {"execution_time": 0.09958410263061523, "passed": true}, "12": {"execution_time": 0.11649417877197266, "passed": true}, "13": {"execution_time": 0.11403679847717285, "passed": false}, "14": {"execution_time": 0.11142230033874512, "passed": false}, "15": {"execution_time": 0.1045691967010498, "passed": false}, "16": {"execution_time": 0.10458540916442871, "passed": false}, "17": {"execution_time": 0.1093451976776123, "passed": false}, "18": {"execution_time": 0.11069917678833008, "passed": false}, "19": {"execution_time": 0.11124324798583984, "passed": false}, "20": {"execution_time": 0.08606648445129395, "passed": false}, "21": {"execution_time": 0.09820961952209473, "passed": false}, "22": {"execution_time": 0.08849024772644043, "passed": false}, "23": {"execution_time": 0.10024809837341309, "passed": false}, "24": {"execution_time": 0.09872627258300781, "passed": false}}}, "pylint_score": "5/10"}