{"version": "1", "message": "ERROR: Hidden Testcases server unreachable.", "problem_id": "cspp1_m10_a1_1", "user_id": "Someshwar95", "score": {"sample": {"0": {"execution_time": 0.10715222358703613, "passed": false}, "1": {"execution_time": 0.10873651504516602, "passed": true}, "2": {"execution_time": 0.085052490234375, "passed": true}, "3": {"execution_time": 0.10936999320983887, "passed": true}, "4": {"execution_time": 0.12437176704406738, "passed": true}, "5": {"execution_time": 0.12149763107299805, "passed": false}, "6": {"execution_time": 0.08992767333984375, "passed": true}, "7": {"execution_time": 0.08959794044494629, "passed": true}, "8": {"execution_time": 0.10644888877868652, "passed": true}, "9": {"execution_time": 0.1286020278930664, "passed": false}, "10": {"execution_time": 0.11303162574768066, "passed": true}, "11": {"execution_time": 0.11506533622741699, "passed": true}, "12": {"execution_time": 0.09913873672485352, "passed": true}, "13": {"execution_time": 0.09672307968139648, "passed": false}, "14": {"execution_time": 0.09820103645324707, "passed": false}, "15": {"execution_time": 0.11295771598815918, "passed": false}, "16": {"execution_time": 0.12744641304016113, "passed": false}, "17": {"execution_time": 0.12941741943359375, "passed": false}, "18": {"execution_time": 0.08688926696777344, "passed": false}, "19": {"execution_time": 0.10052371025085449, "passed": false}, "20": {"execution_time": 0.11167502403259277, "passed": false}, "21": {"execution_time": 0.1002042293548584, "passed": false}, "22": {"execution_time": 0.10259270668029785, "passed": false}, "23": {"execution_time": 0.08838415145874023, "passed": false}, "24": {"execution_time": 0.10112595558166504, "passed": false}}}, "pylint_score": "4/10"}