{"version": "1", "message": "ERROR: Hidden Testcases server unreachable.", "problem_id": "cspp1_m10_a1_1", "user_id": "Someshwar95", "score": {"sample": {"0": {"execution_time": 0.12375450134277344, "passed": false}, "1": {"execution_time": 0.10268902778625488, "passed": true}, "2": {"execution_time": 0.09985065460205078, "passed": true}, "3": {"execution_time": 0.09984016418457031, "passed": true}, "4": {"execution_time": 0.09569787979125977, "passed": true}, "5": {"execution_time": 0.1050267219543457, "passed": false}, "6": {"execution_time": 0.09913253784179688, "passed": true}, "7": {"execution_time": 0.09916281700134277, "passed": true}, "8": {"execution_time": 0.09850215911865234, "passed": true}, "9": {"execution_time": 0.09879946708679199, "passed": false}, "10": {"execution_time": 0.0913231372833252, "passed": true}, "11": {"execution_time": 0.09214067459106445, "passed": true}, "12": {"execution_time": 0.09788751602172852, "passed": true}, "13": {"execution_time": 0.0991966724395752, "passed": false}, "14": {"execution_time": 0.09676241874694824, "passed": false}, "15": {"execution_time": 0.09824585914611816, "passed": false}, "16": {"execution_time": 0.09717702865600586, "passed": false}, "17": {"execution_time": 0.0952298641204834, "passed": false}, "18": {"execution_time": 0.09782719612121582, "passed": false}, "19": {"execution_time": 0.09717369079589844, "passed": false}, "20": {"execution_time": 0.0989224910736084, "passed": false}, "21": {"execution_time": 0.09752988815307617, "passed": false}, "22": {"execution_time": 0.0960845947265625, "passed": false}, "23": {"execution_time": 0.09724736213684082, "passed": false}, "24": {"execution_time": 0.0925285816192627, "passed": false}}}, "pylint_score": "3/10"}