{"version": "1", "message": "ERROR: Hidden Testcases server unreachable.", "problem_id": "cspp1_m10_a1_1", "user_id": "Someshwar95", "score": {"sample": {"0": {"execution_time": 0.1259145736694336, "passed": false}, "1": {"execution_time": 0.11214184761047363, "passed": true}, "2": {"execution_time": 0.09985208511352539, "passed": true}, "3": {"execution_time": 0.08498692512512207, "passed": true}, "4": {"execution_time": 0.10141444206237793, "passed": true}, "5": {"execution_time": 0.09913420677185059, "passed": false}, "6": {"execution_time": 0.10380172729492188, "passed": true}, "7": {"execution_time": 0.0992281436920166, "passed": true}, "8": {"execution_time": 0.10208559036254883, "passed": true}, "9": {"execution_time": 0.10384798049926758, "passed": false}, "10": {"execution_time": 0.10046744346618652, "passed": true}, "11": {"execution_time": 0.098175048828125, "passed": true}, "12": {"execution_time": 0.09448790550231934, "passed": true}, "13": {"execution_time": 0.10270166397094727, "passed": false}, "14": {"execution_time": 0.09996747970581055, "passed": false}, "15": {"execution_time": 0.09913063049316406, "passed": false}, "16": {"execution_time": 0.09694671630859375, "passed": false}, "17": {"execution_time": 0.08736681938171387, "passed": false}, "18": {"execution_time": 0.09563088417053223, "passed": false}, "19": {"execution_time": 0.08751940727233887, "passed": false}, "20": {"execution_time": 0.09250259399414062, "passed": false}, "21": {"execution_time": 0.10050630569458008, "passed": false}, "22": {"execution_time": 0.09840703010559082, "passed": false}, "23": {"execution_time": 0.09695982933044434, "passed": false}, "24": {"execution_time": 0.09301614761352539, "passed": false}}}, "pylint_score": "4/10"}