{"version": "1", "message": "ERROR: Hidden Testcases server unreachable.", "problem_id": "cspp1_m10_a1_1", "user_id": "Someshwar95", "score": {"sample": {"0": {"execution_time": 0.11738109588623047, "passed": false}, "1": {"execution_time": 0.08314251899719238, "passed": false}, "2": {"execution_time": 0.07822465896606445, "passed": false}, "3": {"execution_time": 0.08646917343139648, "passed": false}, "4": {"execution_time": 0.09789371490478516, "passed": false}, "5": {"execution_time": 0.11381077766418457, "passed": false}, "6": {"execution_time": 0.11798930168151855, "passed": false}, "7": {"execution_time": 0.12101936340332031, "passed": false}, "8": {"execution_time": 0.10448217391967773, "passed": false}, "9": {"execution_time": 0.0879981517791748, "passed": false}, "10": {"execution_time": 0.10023736953735352, "passed": false}, "11": {"execution_time": 0.11429452896118164, "passed": false}, "12": {"execution_time": 0.11343646049499512, "passed": false}, "13": {"execution_time": 0.10103774070739746, "passed": false}, "14": {"execution_time": 0.1049339771270752, "passed": false}, "15": {"execution_time": 0.10640120506286621, "passed": false}, "16": {"execution_time": 0.1048429012298584, "passed": false}, "17": {"execution_time": 0.1039876937866211, "passed": false}, "18": {"execution_time": 0.10093927383422852, "passed": false}, "19": {"execution_time": 0.10005331039428711, "passed": false}, "20": {"execution_time": 0.09423112869262695, "passed": false}, "21": {"execution_time": 0.09444475173950195, "passed": false}, "22": {"execution_time": 0.10232353210449219, "passed": false}, "23": {"execution_time": 0.09688711166381836, "passed": false}, "24": {"execution_time": 0.10173630714416504, "passed": false}}}, "pylint_score": "-3/10"}