{"version": "1", "message": "ERROR: Hidden Testcases server unreachable.", "problem_id": "cspp1_m10_a1_1", "user_id": "Someshwar95", "score": {"sample": {"0": {"execution_time": 0.10256099700927734, "passed": false}, "1": {"execution_time": 0.09523606300354004, "passed": false}, "2": {"execution_time": 0.09172725677490234, "passed": false}, "3": {"execution_time": 0.1022193431854248, "passed": false}, "4": {"execution_time": 0.09403657913208008, "passed": false}, "5": {"execution_time": 0.09242987632751465, "passed": false}, "6": {"execution_time": 0.09800481796264648, "passed": false}, "7": {"execution_time": 0.09679126739501953, "passed": false}, "8": {"execution_time": 0.09469389915466309, "passed": false}, "9": {"execution_time": 0.09753274917602539, "passed": false}, "10": {"execution_time": 0.09330081939697266, "passed": false}, "11": {"execution_time": 0.09618425369262695, "passed": false}, "12": {"execution_time": 0.0989542007446289, "passed": false}, "13": {"execution_time": 0.09357881546020508, "passed": false}, "14": {"execution_time": 0.09273052215576172, "passed": false}, "15": {"execution_time": 0.0926659107208252, "passed": false}, "16": {"execution_time": 0.09283113479614258, "passed": false}, "17": {"execution_time": 0.09491920471191406, "passed": false}, "18": {"execution_time": 0.09085536003112793, "passed": false}, "19": {"execution_time": 0.0953059196472168, "passed": false}, "20": {"execution_time": 0.09651327133178711, "passed": false}, "21": {"execution_time": 0.09714698791503906, "passed": false}, "22": {"execution_time": 0.09217095375061035, "passed": false}, "23": {"execution_time": 0.08966946601867676, "passed": false}, "24": {"execution_time": 0.09326314926147461, "passed": false}}}, "pylint_score": "-4/10"}