{"version": "1", "message": "ERROR: Hidden Testcases server unreachable.", "problem_id": "cspp1_m10_a1_1", "user_id": "Someshwar95", "score": {"sample": {"0": {"execution_time": 0.11390209197998047, "passed": false}, "1": {"execution_time": 0.10959267616271973, "passed": true}, "2": {"execution_time": 0.1030118465423584, "passed": true}, "3": {"execution_time": 0.09990978240966797, "passed": true}, "4": {"execution_time": 0.09558343887329102, "passed": true}, "5": {"execution_time": 0.10315680503845215, "passed": false}, "6": {"execution_time": 0.09961605072021484, "passed": true}, "7": {"execution_time": 0.11841893196105957, "passed": true}, "8": {"execution_time": 0.10465407371520996, "passed": true}, "9": {"execution_time": 0.10265278816223145, "passed": false}, "10": {"execution_time": 0.09894156455993652, "passed": true}, "11": {"execution_time": 0.09874892234802246, "passed": true}, "12": {"execution_time": 0.10033512115478516, "passed": true}, "13": {"execution_time": 0.09653806686401367, "passed": false}, "14": {"execution_time": 0.0999000072479248, "passed": false}, "15": {"execution_time": 0.0991816520690918, "passed": false}, "16": {"execution_time": 0.098907470703125, "passed": false}, "17": {"execution_time": 0.10161447525024414, "passed": false}, "18": {"execution_time": 0.09711980819702148, "passed": false}, "19": {"execution_time": 0.09285426139831543, "passed": false}, "20": {"execution_time": 0.09802103042602539, "passed": false}, "21": {"execution_time": 0.09186434745788574, "passed": false}, "22": {"execution_time": 0.10068893432617188, "passed": false}, "23": {"execution_time": 0.09821248054504395, "passed": false}, "24": {"execution_time": 0.09142780303955078, "passed": false}}}, "pylint_score": "5/10"}