{"version": "1", "message": "ERROR: Hidden Testcases server unreachable.", "problem_id": "cspp1_m10_a1_1", "user_id": "Someshwar95", "score": {"sample": {"0": {"execution_time": 0.1172792911529541, "passed": false}, "1": {"execution_time": 0.0982065200805664, "passed": false}, "2": {"execution_time": 0.08470821380615234, "passed": false}, "3": {"execution_time": 0.09833860397338867, "passed": false}, "4": {"execution_time": 0.09151864051818848, "passed": false}, "5": {"execution_time": 0.09652137756347656, "passed": false}, "6": {"execution_time": 0.0959932804107666, "passed": false}, "7": {"execution_time": 0.09233474731445312, "passed": false}, "8": {"execution_time": 0.09351682662963867, "passed": false}, "9": {"execution_time": 0.09772348403930664, "passed": false}, "10": {"execution_time": 0.09592938423156738, "passed": false}, "11": {"execution_time": 0.09967517852783203, "passed": false}, "12": {"execution_time": 0.09996867179870605, "passed": false}, "13": {"execution_time": 0.09144783020019531, "passed": false}, "14": {"execution_time": 0.09976673126220703, "passed": false}, "15": {"execution_time": 0.09397220611572266, "passed": false}, "16": {"execution_time": 0.08913493156433105, "passed": false}, "17": {"execution_time": 0.07791376113891602, "passed": false}, "18": {"execution_time": 0.09019112586975098, "passed": false}, "19": {"execution_time": 0.09693455696105957, "passed": false}, "20": {"execution_time": 0.09673094749450684, "passed": false}, "21": {"execution_time": 0.09239625930786133, "passed": false}, "22": {"execution_time": 0.09067130088806152, "passed": false}, "23": {"execution_time": 0.09502482414245605, "passed": false}, "24": {"execution_time": 0.10235428810119629, "passed": false}}}, "pylint_score": "3/10"}