{"version": "1", "message": "ERROR: Hidden Testcases server unreachable.", "problem_id": "cspp1_m10_a1_1", "user_id": "Someshwar95", "score": {"sample": {"0": {"execution_time": 0.11411762237548828, "passed": false}, "1": {"execution_time": 0.10187768936157227, "passed": false}, "2": {"execution_time": 0.1014699935913086, "passed": false}, "3": {"execution_time": 0.10694265365600586, "passed": false}, "4": {"execution_time": 0.10559868812561035, "passed": false}, "5": {"execution_time": 0.10503649711608887, "passed": false}, "6": {"execution_time": 0.10079765319824219, "passed": false}, "7": {"execution_time": 0.1007237434387207, "passed": false}, "8": {"execution_time": 0.10539507865905762, "passed": false}, "9": {"execution_time": 0.10548639297485352, "passed": false}, "10": {"execution_time": 0.10018777847290039, "passed": false}, "11": {"execution_time": 0.08713674545288086, "passed": false}, "12": {"execution_time": 0.09830451011657715, "passed": false}, "13": {"execution_time": 0.09881448745727539, "passed": false}, "14": {"execution_time": 0.10263681411743164, "passed": false}, "15": {"execution_time": 0.0874783992767334, "passed": false}, "16": {"execution_time": 0.09396815299987793, "passed": false}, "17": {"execution_time": 0.09961986541748047, "passed": false}, "18": {"execution_time": 0.10297465324401855, "passed": false}, "19": {"execution_time": 0.10105252265930176, "passed": false}, "20": {"execution_time": 0.09900760650634766, "passed": false}, "21": {"execution_time": 0.09958529472351074, "passed": false}, "22": {"execution_time": 0.0909111499786377, "passed": false}, "23": {"execution_time": 0.08948397636413574, "passed": false}, "24": {"execution_time": 0.09658479690551758, "passed": false}}}, "pylint_score": "-3/10"}