{"version": "1", "message": "ERROR: Hidden Testcases server unreachable.", "problem_id": "cspp1_m10_a1_1", "user_id": "Someshwar95", "score": {"sample": {"0": {"execution_time": 0.09440732002258301, "passed": false}, "1": {"execution_time": 0.10895586013793945, "passed": true}, "2": {"execution_time": 0.10163402557373047, "passed": true}, "3": {"execution_time": 0.11391568183898926, "passed": true}, "4": {"execution_time": 0.10897445678710938, "passed": true}, "5": {"execution_time": 0.10866975784301758, "passed": false}, "6": {"execution_time": 0.11176443099975586, "passed": true}, "7": {"execution_time": 0.09319090843200684, "passed": true}, "8": {"execution_time": 0.07731103897094727, "passed": true}, "9": {"execution_time": 0.08620023727416992, "passed": false}, "10": {"execution_time": 0.0876915454864502, "passed": true}, "11": {"execution_time": 0.08951854705810547, "passed": true}, "12": {"execution_time": 0.08231091499328613, "passed": true}, "13": {"execution_time": 0.0905461311340332, "passed": false}, "14": {"execution_time": 0.10133910179138184, "passed": false}, "15": {"execution_time": 0.08715152740478516, "passed": false}, "16": {"execution_time": 0.09033513069152832, "passed": false}, "17": {"execution_time": 0.10346841812133789, "passed": false}, "18": {"execution_time": 0.0856788158416748, "passed": false}, "19": {"execution_time": 0.06776928901672363, "passed": false}, "20": {"execution_time": 0.09476637840270996, "passed": false}, "21": {"execution_time": 0.10127592086791992, "passed": false}, "22": {"execution_time": 0.10824394226074219, "passed": false}, "23": {"execution_time": 0.10206961631774902, "passed": false}, "24": {"execution_time": 0.09642601013183594, "passed": false}}}, "pylint_score": "4/10"}