{"version": "1", "message": "ERROR: Hidden Testcases server unreachable.", "problem_id": "cspp1_m10_a1_1", "user_id": "Someshwar95", "score": {"sample": {"0": {"execution_time": 0.11151576042175293, "passed": false}, "1": {"execution_time": 0.0969398021697998, "passed": true}, "2": {"execution_time": 0.096435546875, "passed": true}, "3": {"execution_time": 0.09689068794250488, "passed": true}, "4": {"execution_time": 0.0988931655883789, "passed": true}, "5": {"execution_time": 0.09231996536254883, "passed": false}, "6": {"execution_time": 0.0933997631072998, "passed": true}, "7": {"execution_time": 0.09517168998718262, "passed": true}, "8": {"execution_time": 0.09564757347106934, "passed": true}, "9": {"execution_time": 0.09641194343566895, "passed": false}, "10": {"execution_time": 0.10103940963745117, "passed": true}, "11": {"execution_time": 0.09356236457824707, "passed": true}, "12": {"execution_time": 0.09364986419677734, "passed": true}, "13": {"execution_time": 0.09570908546447754, "passed": false}, "14": {"execution_time": 0.09666872024536133, "passed": false}, "15": {"execution_time": 0.09463095664978027, "passed": false}, "16": {"execution_time": 0.09292936325073242, "passed": false}, "17": {"execution_time": 0.09663605690002441, "passed": false}, "18": {"execution_time": 0.09624576568603516, "passed": false}, "19": {"execution_time": 0.09393644332885742, "passed": false}, "20": {"execution_time": 0.0991523265838623, "passed": false}, "21": {"execution_time": 0.09844160079956055, "passed": false}, "22": {"execution_time": 0.09647512435913086, "passed": false}, "23": {"execution_time": 0.09567070007324219, "passed": false}, "24": {"execution_time": 0.08964228630065918, "passed": false}}}, "pylint_score": "4/10"}