{"version": "1", "message": "ERROR: Hidden Testcases server unreachable.", "problem_id": "cspp1_m10_a1_1", "user_id": "Someshwar95", "score": {"sample": {"0": {"execution_time": 0.10709404945373535, "passed": false}, "1": {"execution_time": 0.0920572280883789, "passed": true}, "2": {"execution_time": 0.09039163589477539, "passed": true}, "3": {"execution_time": 0.09119415283203125, "passed": true}, "4": {"execution_time": 0.0961306095123291, "passed": true}, "5": {"execution_time": 0.0955195426940918, "passed": false}, "6": {"execution_time": 0.0979456901550293, "passed": true}, "7": {"execution_time": 0.09787631034851074, "passed": true}, "8": {"execution_time": 0.09559392929077148, "passed": true}, "9": {"execution_time": 0.0936579704284668, "passed": false}, "10": {"execution_time": 0.09331917762756348, "passed": true}, "11": {"execution_time": 0.09679341316223145, "passed": true}, "12": {"execution_time": 0.09142446517944336, "passed": true}, "13": {"execution_time": 0.09002280235290527, "passed": false}, "14": {"execution_time": 0.09637618064880371, "passed": false}, "15": {"execution_time": 0.09725475311279297, "passed": false}, "16": {"execution_time": 0.09568381309509277, "passed": false}, "17": {"execution_time": 0.09418964385986328, "passed": false}, "18": {"execution_time": 0.09697079658508301, "passed": false}, "19": {"execution_time": 0.09833550453186035, "passed": false}, "20": {"execution_time": 0.09293389320373535, "passed": false}, "21": {"execution_time": 0.09601163864135742, "passed": false}, "22": {"execution_time": 0.10147237777709961, "passed": false}, "23": {"execution_time": 0.10284161567687988, "passed": false}, "24": {"execution_time": 0.09234428405761719, "passed": false}}}, "pylint_score": "4/10"}