{"version": "1", "message": "ERROR: Hidden Testcases server unreachable.", "problem_id": "cspp1_m10_a1_1", "user_id": "Someshwar95", "score": {"sample": {"0": {"execution_time": 0.1309828758239746, "passed": false}, "1": {"execution_time": 0.08668398857116699, "passed": false}, "2": {"execution_time": 0.09209179878234863, "passed": false}, "3": {"execution_time": 0.10889530181884766, "passed": false}, "4": {"execution_time": 0.11032390594482422, "passed": false}, "5": {"execution_time": 0.10243082046508789, "passed": false}, "6": {"execution_time": 0.1021885871887207, "passed": false}, "7": {"execution_time": 0.09144902229309082, "passed": false}, "8": {"execution_time": 0.06896114349365234, "passed": false}, "9": {"execution_time": 0.08902096748352051, "passed": false}, "10": {"execution_time": 0.11320209503173828, "passed": false}, "11": {"execution_time": 0.09345817565917969, "passed": false}, "12": {"execution_time": 0.10861635208129883, "passed": false}, "13": {"execution_time": 0.1100165843963623, "passed": false}, "14": {"execution_time": 0.10257959365844727, "passed": false}, "15": {"execution_time": 0.10207414627075195, "passed": false}, "16": {"execution_time": 0.09839916229248047, "passed": false}, "17": {"execution_time": 0.09617090225219727, "passed": false}, "18": {"execution_time": 0.1049032211303711, "passed": false}, "19": {"execution_time": 0.1083524227142334, "passed": false}, "20": {"execution_time": 0.10787820816040039, "passed": false}, "21": {"execution_time": 0.10071349143981934, "passed": false}, "22": {"execution_time": 0.0994253158569336, "passed": false}, "23": {"execution_time": 0.09060001373291016, "passed": false}, "24": {"execution_time": 0.1014547348022461, "passed": false}}}, "pylint_score": "-6/10"}