{"version": "1", "message": "ERROR: Hidden Testcases server unreachable.", "problem_id": "cspp1_m10_a1_1", "user_id": "Someshwar95", "score": {"sample": {"0": {"execution_time": 0.10441803932189941, "passed": false}, "1": {"execution_time": 0.09174728393554688, "passed": false}, "2": {"execution_time": 0.09735560417175293, "passed": false}, "3": {"execution_time": 0.08800435066223145, "passed": false}, "4": {"execution_time": 0.09931612014770508, "passed": false}, "5": {"execution_time": 0.09940600395202637, "passed": false}, "6": {"execution_time": 0.09479308128356934, "passed": false}, "7": {"execution_time": 0.09989094734191895, "passed": false}, "8": {"execution_time": 0.09839105606079102, "passed": false}, "9": {"execution_time": 0.09568619728088379, "passed": false}, "10": {"execution_time": 0.08769941329956055, "passed": false}, "11": {"execution_time": 0.08807086944580078, "passed": false}, "12": {"execution_time": 0.08464288711547852, "passed": false}, "13": {"execution_time": 0.08792376518249512, "passed": false}, "14": {"execution_time": 0.09665679931640625, "passed": false}, "15": {"execution_time": 0.10360479354858398, "passed": false}, "16": {"execution_time": 0.10514378547668457, "passed": false}, "17": {"execution_time": 0.0941007137298584, "passed": false}, "18": {"execution_time": 0.0959174633026123, "passed": false}, "19": {"execution_time": 0.11322879791259766, "passed": false}, "20": {"execution_time": 0.10245203971862793, "passed": false}, "21": {"execution_time": 0.10091495513916016, "passed": false}, "22": {"execution_time": 0.09887456893920898, "passed": false}, "23": {"execution_time": 0.09112715721130371, "passed": false}, "24": {"execution_time": 0.0992274284362793, "passed": false}}}, "pylint_score": "2/10"}