{"version": "1", "message": "ERROR: Hidden Testcases server unreachable.", "problem_id": "cspp1_m10_a1_1", "user_id": "Someshwar95", "score": {"sample": {"0": {"execution_time": 0.11751222610473633, "passed": false}, "1": {"execution_time": 0.10006332397460938, "passed": true}, "2": {"execution_time": 0.09659695625305176, "passed": true}, "3": {"execution_time": 0.10635161399841309, "passed": true}, "4": {"execution_time": 0.10969781875610352, "passed": true}, "5": {"execution_time": 0.10111236572265625, "passed": false}, "6": {"execution_time": 0.09452176094055176, "passed": true}, "7": {"execution_time": 0.08585810661315918, "passed": true}, "8": {"execution_time": 0.08941650390625, "passed": true}, "9": {"execution_time": 0.1000223159790039, "passed": false}, "10": {"execution_time": 0.09837579727172852, "passed": true}, "11": {"execution_time": 0.09874224662780762, "passed": true}, "12": {"execution_time": 0.0983579158782959, "passed": true}, "13": {"execution_time": 0.09607958793640137, "passed": false}, "14": {"execution_time": 0.10442352294921875, "passed": false}, "15": {"execution_time": 0.09139466285705566, "passed": false}, "16": {"execution_time": 0.09965229034423828, "passed": false}, "17": {"execution_time": 0.09149551391601562, "passed": false}, "18": {"execution_time": 0.09400177001953125, "passed": false}, "19": {"execution_time": 0.09586358070373535, "passed": false}, "20": {"execution_time": 0.10086512565612793, "passed": false}, "21": {"execution_time": 0.10099554061889648, "passed": false}, "22": {"execution_time": 0.09453344345092773, "passed": false}, "23": {"execution_time": 0.09868359565734863, "passed": false}, "24": {"execution_time": 0.1001279354095459, "passed": false}}}, "pylint_score": "4/10"}