{"version": "1", "message": "ERROR: Hidden Testcases server unreachable.", "problem_id": "cspp1_m10_a1_1", "user_id": "Someshwar95", "score": {"sample": {"0": {"execution_time": 0.11400604248046875, "passed": false}, "1": {"execution_time": 0.10143470764160156, "passed": false}, "2": {"execution_time": 0.10224604606628418, "passed": false}, "3": {"execution_time": 0.09474802017211914, "passed": false}, "4": {"execution_time": 0.09532666206359863, "passed": false}, "5": {"execution_time": 0.09420228004455566, "passed": false}, "6": {"execution_time": 0.07762503623962402, "passed": false}, "7": {"execution_time": 0.10104250907897949, "passed": false}, "8": {"execution_time": 0.09969091415405273, "passed": false}, "9": {"execution_time": 0.09714818000793457, "passed": false}, "10": {"execution_time": 0.09314870834350586, "passed": false}, "11": {"execution_time": 0.10043740272521973, "passed": false}, "12": {"execution_time": 0.09189677238464355, "passed": false}, "13": {"execution_time": 0.0948173999786377, "passed": false}, "14": {"execution_time": 0.10008072853088379, "passed": false}, "15": {"execution_time": 0.09731483459472656, "passed": false}, "16": {"execution_time": 0.0957326889038086, "passed": false}, "17": {"execution_time": 0.10034680366516113, "passed": false}, "18": {"execution_time": 0.09967041015625, "passed": false}, "19": {"execution_time": 0.09960389137268066, "passed": false}, "20": {"execution_time": 0.09724855422973633, "passed": false}, "21": {"execution_time": 0.09594106674194336, "passed": false}, "22": {"execution_time": 0.09655928611755371, "passed": false}, "23": {"execution_time": 0.09218168258666992, "passed": false}, "24": {"execution_time": 0.0890800952911377, "passed": false}}}, "pylint_score": "0/10"}